Emp ID,First Name,Last Name,Gender,E Mail,Age in Yrs.,Date of Joining
677509,Lois,Walker,F,lois.walker@hotmail.com,36.36,11/24/2003
940761,Brenda,Robinson,F,brenda.robinson@gmail.com,47.02,7/27/2008
428945,Joe,Robinson,M,joe.robinson@gmail.com,54.15,8/3/2016
408351,Diane,Evans,F,diane.evans@yahoo.com,39.67,4/16/1999
193819,Benjamin,Russell,M,benjamin.russell@charter.net,40.31,7/25/2013
499687,Patrick,Bailey,M,patrick.bailey@aol.com,34.86,7/22/2005
539712,Nancy,Baker,F,nancy.baker@bp.com,22.14,9/14/2016
380086,Carol,Murphy,F,carol.murphy@gmail.com,59.12,1/28/1983
477616,Frances,Young,F,frances.young@gmail.com,58.18,4/27/1994
162402,Diana,Peterson,F,diana.peterson@hotmail.co.uk,29.73,2/17/2014
231469,Ralph,Flores,M,ralph.flores@yahoo.com,42.5,4/14/2009
153989,Jack,Alexander,M,jack.alexander@gmail.com,22.21,1/5/2017
386158,Melissa,King,F,melissa.king@comcast.net,45.45,11/24/2015
301576,Wayne,Watson,M,wayne.watson@gmail.com,21.1,7/19/2017
441771,Cheryl,Scott,F,cheryl.scott@gmail.com,59.47,11/26/1990
528509,Paula,Diaz,F,paula.diaz@gmail.com,50.97,8/22/1994
912990,Joshua,Stewart,M,joshua.stewart@yahoo.ca,47.23,9/2/2002
214352,Theresa,Lee,F,theresa.lee@gmail.com,24.66,1/19/2015
890290,Julia,Scott,F,julia.scott@apple.com,58.08,2/23/2005
622406,Thomas,Lewis,M,thomas.lewis@gmail.com,49.85,6/7/1998
979607,Carol,Edwards,F,carol.edwards@msn.com,22.64,4/25/2016
969580,Matthew,Turner,M,matthew.turner@gmail.com,23.77,2/7/2016
426038,Joan,Stewart,F,joan.stewart@yahoo.com,44.72,12/30/2009
388642,Ruby,Rogers,F,ruby.rogers@gmail.com,37.27,8/30/2013
560455,Carolyn,Hayes,F,carolyn.hayes@hotmail.co.uk,59.42,7/3/2001
477253,Anne,Russell,F,anne.russell@ibm.com,28.02,11/24/2013
263480,Daniel,Cooper,M,daniel.cooper@yahoo.com,27.59,3/6/2014
683826,Roger,Roberts,M,roger.roberts@gmail.com,48.09,1/29/2009
474599,Maria,Walker,F,maria.walker@microsoft.com,42.39,10/1/1998
335732,Brenda,Butler,F,brenda.butler@gmail.com,53.68,8/20/1987
329752,Lillian,Brown,F,lillian.brown@aol.com,36.24,4/13/2015
893212,Amy,Howard,F,amy.howard@aol.com,36.14,6/1/2003
621833,Gregory,Edwards,M,gregory.edwards@outlook.com,23.92,9/30/2015
456747,Roy,Griffin,M,roy.griffin@yahoo.com,26.24,8/23/2012
278556,Richard,Mitchell,M,richard.mitchell@verizon.net,24.02,8/18/2016
333476,Mary,Wilson,F,mary.wilson@sbcglobal.net,49.69,12/22/1991
218791,Aaron,Price,M,aaron.price@bp.com,48.49,7/3/1997
134841,Donna,Brown,F,donna.brown@aol.com,33.89,7/17/2013
726264,Carl,Collins,M,carl.collins@yahoo.com,43.63,6/9/2007
766610,Joyce,Jenkins,F,joyce.jenkins@aol.com,55.97,5/14/2010
923947,Mary,Bryant,F,mary.bryant@verizon.net,55.14,5/20/2004
227922,Amanda,Hughes,F,amanda.hughes@rediffmail.com,35.02,4/19/2007
265813,Jack,Campbell,M,jack.campbell@gmail.com,32.58,7/29/2007
247137,Alan,Rivera,M,alan.rivera@apple.com,38.65,6/7/2006
407061,Elizabeth,Jackson,F,elizabeth.jackson@aol.com,52.99,1/19/2005
226714,Nancy,Davis,F,nancy.davis@ibm.com,33.73,8/25/2012
702813,Ernest,Martinez,M,ernest.martinez@gmail.com,27.73,1/24/2016
524896,Judy,Hernandez,F,judy.hernandez@gmail.com,56.38,12/27/2011
363065,Nancy,Jones,F,nancy.jones@gmail.com,23.73,10/16/2015
879753,Pamela,Wright,F,pamela.wright@aol.com,21.3,6/9/2017
958326,Larry,Miller,M,larry.miller@shell.com,28.76,2/22/2017
447813,Ann,Coleman,F,ann.coleman@ibm.com,28.23,11/19/2013
525955,Judy,Gonzales,F,judy.gonzales@gmail.com,58.15,1/3/1992
818384,Peter,Washington,M,peter.washington@bp.com,34.75,11/29/2009
971640,Clarence,Ross,M,clarence.ross@apple.com,56.66,12/31/2008
253573,Sharon,Lopez,F,sharon.lopez@gmail.com,26.25,3/7/2014
904898,Ann,Cooper,F,ann.cooper@exxonmobil.com,24.61,2/15/2017
515103,Anne,Perez,F,anne.perez@sbcglobal.net,59.27,7/28/2003
491943,Nancy,Howard,F,nancy.howard@gmail.com,56.27,2/6/1999
750173,Antonio,Roberts,M,antonio.roberts@hotmail.com,21.93,5/1/2017
687017,Frances,Watson,F,frances.watson@outlook.com,56.53,8/20/2010
241882,Debra,Wood,F,debra.wood@hotmail.com,47.78,1/10/1991
758872,Henry,Jenkins,M,henry.jenkins@hotmail.com,32.75,6/21/2017
940922,Melissa,Butler,F,melissa.butler@hotmail.com,22.72,2/5/2017
917937,Todd,Hall,M,todd.hall@yahoo.com,25.93,5/8/2016
917395,Christopher,Nelson,M,christopher.nelson@aol.com,57.37,11/8/1997
183071,Andrea,Garcia,F,andrea.garcia@aol.com,32.08,4/18/2010
316110,Jeremy,Sanchez,M,jeremy.sanchez@hotmail.com,52.51,4/2/2006
293459,Steven,Phillips,M,steven.phillips@hotmail.com,30.9,3/27/2015
732017,Cynthia,Ramirez,F,cynthia.ramirez@btinternet.com,34.87,2/18/2009
915638,Jason,Anderson,M,jason.anderson@gmail.com,43.59,9/21/1999
478003,Cynthia,White,F,cynthia.white@gmail.com,54.16,3/4/2004
951225,Margaret,Brooks,F,margaret.brooks@gmail.com,25.1,8/26/2016
883936,Douglas,Flores,M,douglas.flores@gmail.com,31.29,9/10/2009
528673,Paul,Watson,M,paul.watson@hotmail.com,58.43,6/26/1995
765850,Linda,Moore,F,linda.moore@gmail.com,25.96,5/15/2017
262382,Cheryl,Miller,F,cheryl.miller@ntlworld.com,32.29,7/30/2007
870820,Martha,Washington,F,martha.washington@aol.com,26.35,3/3/2017
806955,William,Hernandez,M,william.hernandez@rediffmail.com,50.05,3/21/2000
325319,Carolyn,Price,F,carolyn.price@yahoo.com,41.19,11/5/2014
623253,Ruby,Stewart,F,ruby.stewart@gmail.com,48.79,7/2/2017
225925,Paul,Cooper,M,paul.cooper@gmail.com,25.98,9/8/2014
761821,Ernest,Washington,M,ernest.washington@msn.com,32.77,1/31/2015
400173,Dorothy,Edwards,F,dorothy.edwards@hotmail.co.uk,33.55,12/31/2013
802554,Ryan,Alexander,M,ryan.alexander@shell.com,24.01,8/31/2014
476433,Lillian,Mitchell,F,lillian.mitchell@shaw.ca,42.79,12/7/1999
533952,Kelly,Adams,F,kelly.adams@bp.com,42.21,7/4/2013
623929,Jimmy,Howard,M,jimmy.howard@yahoo.com,50.7,12/12/2007
844177,Margaret,Allen,F,margaret.allen@gmail.com,35.91,5/17/2013
212893,Janet,Henderson,F,janet.henderson@ntlworld.com,37.62,12/18/2012
185032,Eugene,Perez,M,eugene.perez@exxonmobil.com,37.84,12/8/2014
867084,Deborah,Smith,F,deborah.smith@yahoo.com,39.77,3/4/2002
969964,Janice,Parker,F,janice.parker@yahoo.com,37.57,8/23/2016
158666,Rebecca,Stewart,F,rebecca.stewart@gmail.com,56,4/10/1983
489424,Phillip,White,M,phillip.white@gmail.com,39.43,1/5/2016
639892,Jose,Hill,M,jose.hill@hotmail.com,22.82,7/9/2016
704709,Harold,Nelson,M,harold.nelson@gmail.com,32.61,8/23/2011
461593,Nicole,Ward,F,nicole.ward@yahoo.com,52.66,1/23/1989
392491,Theresa,Murphy,F,theresa.murphy@gmail.com,29.6,8/3/2010
495141,Tammy,Young,F,tammy.young@comcast.net,38.38,4/25/2015
